clifford-algebra-radar,https://jollywatt.github.io/notes/clifford-algebra-radar
commutator-exponential,https://jollywatt.github.io/notes/commutator-exponential
det-tr-exp,https://jollywatt.github.io/notes/det-tr-exp
flv-algorithm,https://jollywatt.github.io/notes/flv-algorithm
flv-derivation,https://jollywatt.github.io/notes/flv-derivation
flv-experiment-tests,https://jollywatt.github.io/notes/flv-experiment-tests
flv-experiments,https://jollywatt.github.io/notes/flv-experiments
flv-for-multivector-inverses,https://jollywatt.github.io/notes/flv-for-multivector-inverses
sta-identities,https://jollywatt.github.io/notes/sta-identities
sta-without-signature,https://jollywatt.github.io/notes/sta-without-signature
test,https://jollywatt.github.io/notes/test
